event_id_memoria,source_event_id,source,origin_time_utc,latitude,longitude,depth_km,magnitude_value,magnitude_type,magnitude_comparable,intensity_max,location_text,felt,location_uncertainty_km,magnitude_uncertainty,tectonic_domain,domain_confidence,historical_quality,quality_score,record_status,source_url,source_file,duplicate_group_id,is_preferred_record,ingested_at_utc
MEM-861A30452FF220FD,0,AHEAD,,37.6,-5.3,,,,,,Andalucia,,,,,,medium,0.58,historical,https://www.emidius.eu/services/europe/wfs?service=WFS&version=2.0.0&request=GetFeature&typeNames=europe%3AEPICA_1000_1899&outputFormat=application%2Fjson&CQL_FILTER=Lat%3E%3D32.0+AND+Lat%3C%3D44.0+AND+Lon%3E%3D-20.0+AND+Lon%3C%3D-5.0,C:\memoria-seismic-observatory\data\bronze\ahead\2026\07\20\epica_portugal_20260720T211501Z.json,,True,2026-07-20 21:15:02.002471+00:00
MEM-2444F19AB05235CD,1,AHEAD,,36.0,-10.7,,,,,,Offshore Portugal,,,,,,medium,0.58,historical,https://www.emidius.eu/services/europe/wfs?service=WFS&version=2.0.0&request=GetFeature&typeNames=europe%3AEPICA_1000_1899&outputFormat=application%2Fjson&CQL_FILTER=Lat%3E%3D32.0+AND+Lat%3C%3D44.0+AND+Lon%3E%3D-20.0+AND+Lon%3C%3D-5.0,C:\memoria-seismic-observatory\data\bronze\ahead\2026\07\20\epica_portugal_20260720T211501Z.json,,True,2026-07-20 21:15:02.002471+00:00
MEM-2B19FB28AEDB20B3,2,AHEAD,,37.387,-5.991,,5.11,Mw,5.11,7,Seville,,30.0,0.3,,,medium,0.72,historical,https://www.emidius.eu/services/europe/wfs?service=WFS&version=2.0.0&request=GetFeature&typeNames=europe%3AEPICA_1000_1899&outputFormat=application%2Fjson&CQL_FILTER=Lat%3E%3D32.0+AND+Lat%3C%3D44.0+AND+Lon%3E%3D-20.0+AND+Lon%3C%3D-5.0,C:\memoria-seismic-observatory\data\bronze\ahead\2026\07\20\epica_portugal_20260720T211501Z.json,,True,2026-07-20 21:15:02.002471+00:00
MEM-696EAEBDF3775E86,3,AHEAD,,38.7,-9.2,,4.46,Mw,4.46,6,Lisboa,,99.9,0.5,,,medium,0.72,historical,https://www.emidius.eu/services/europe/wfs?service=WFS&version=2.0.0&request=GetFeature&typeNames=europe%3AEPICA_1000_1899&outputFormat=application%2Fjson&CQL_FILTER=Lat%3E%3D32.0+AND+Lat%3C%3D44.0+AND+Lon%3E%3D-20.0+AND+Lon%3C%3D-5.0,C:\memoria-seismic-observatory\data\bronze\ahead\2026\07\20\epica_portugal_20260720T211501Z.json,,True,2026-07-20 21:15:02.002471+00:00
MEM-B4548361291342A9,4,AHEAD,,38.7,-9.2,,4.46,Mw,4.46,6,Lisboa,,99.9,0.5,,,medium,0.72,historical,https://www.emidius.eu/services/europe/wfs?service=WFS&version=2.0.0&request=GetFeature&typeNames=europe%3AEPICA_1000_1899&outputFormat=application%2Fjson&CQL_FILTER=Lat%3E%3D32.0+AND+Lat%3C%3D44.0+AND+Lon%3E%3D-20.0+AND+Lon%3C%3D-5.0,C:\memoria-seismic-observatory\data\bronze\ahead\2026\07\20\epica_portugal_20260720T211501Z.json,,True,2026-07-20 21:15:02.002471+00:00
MEM-FEA15C6A8F186CF0,5,AHEAD,,36.0,-11.0,,7.0,Mw,7.0,,Offshore Portugal,,99.9,0.5,,,medium,0.72,historical,https://www.emidius.eu/services/europe/wfs?service=WFS&version=2.0.0&request=GetFeature&typeNames=europe%3AEPICA_1000_1899&outputFormat=application%2Fjson&CQL_FILTER=Lat%3E%3D32.0+AND+Lat%3C%3D44.0+AND+Lon%3E%3D-20.0+AND+Lon%3C%3D-5.0,C:\memoria-seismic-observatory\data\bronze\ahead\2026\07\20\epica_portugal_20260720T211501Z.json,,True,2026-07-20 21:15:02.002471+00:00
MEM-AA04C2CC54BFBA53,6,AHEAD,,38.7,-9.2,,4.79,Mw,4.79,6-7,Lisboa,,99.9,0.5,,,medium,0.72,historical,https://www.emidius.eu/services/europe/wfs?service=WFS&version=2.0.0&request=GetFeature&typeNames=europe%3AEPICA_1000_1899&outputFormat=application%2Fjson&CQL_FILTER=Lat%3E%3D32.0+AND+Lat%3C%3D44.0+AND+Lon%3E%3D-20.0+AND+Lon%3C%3D-5.0,C:\memoria-seismic-observatory\data\bronze\ahead\2026\07\20\epica_portugal_20260720T211501Z.json,,True,2026-07-20 21:15:02.002471+00:00
MEM-FCD4108C90ECD74F,7,AHEAD,,38.7,-9.2,,4.79,Mw,4.79,6-7,Lisboa,,99.9,0.5,,,medium,0.72,historical,https://www.emidius.eu/services/europe/wfs?service=WFS&version=2.0.0&request=GetFeature&typeNames=europe%3AEPICA_1000_1899&outputFormat=application%2Fjson&CQL_FILTER=Lat%3E%3D32.0+AND+Lat%3C%3D44.0+AND+Lon%3E%3D-20.0+AND+Lon%3C%3D-5.0,C:\memoria-seismic-observatory\data\bronze\ahead\2026\07\20\epica_portugal_20260720T211501Z.json,,True,2026-07-20 21:15:02.002471+00:00
MEM-D21F483025C32C8F,8,AHEAD,,38.7,-9.2,,,,,,Benavente,,,,,,medium,0.58,historical,https://www.emidius.eu/services/europe/wfs?service=WFS&version=2.0.0&request=GetFeature&typeNames=europe%3AEPICA_1000_1899&outputFormat=application%2Fjson&CQL_FILTER=Lat%3E%3D32.0+AND+Lat%3C%3D44.0+AND+Lon%3E%3D-20.0+AND+Lon%3C%3D-5.0,C:\memoria-seismic-observatory\data\bronze\ahead\2026\07\20\epica_portugal_20260720T211501Z.json,,True,2026-07-20 21:15:02.002471+00:00
MEM-CF5DF8A02369F9F2,9,AHEAD,,41.9,-6.7,,,,,,França.PORT,,99.9,,,,medium,0.58,historical,https://www.emidius.eu/services/europe/wfs?service=WFS&version=2.0.0&request=GetFeature&typeNames=europe%3AEPICA_1000_1899&outputFormat=application%2Fjson&CQL_FILTER=Lat%3E%3D32.0+AND+Lat%3C%3D44.0+AND+Lon%3E%3D-20.0+AND+Lon%3C%3D-5.0,C:\memoria-seismic-observatory\data\bronze\ahead\2026\07\20\epica_portugal_20260720T211501Z.json,,True,2026-07-20 21:15:02.002471+00:00
MEM-06EA5EDC626B7E87,10,AHEAD,,36.0,-10.7,,7.5,Mw,7.5,8-9,SW Cabo San Vicente,,49.9,0.5,,,medium,0.72,historical,https://www.emidius.eu/services/europe/wfs?service=WFS&version=2.0.0&request=GetFeature&typeNames=europe%3AEPICA_1000_1899&outputFormat=application%2Fjson&CQL_FILTER=Lat%3E%3D32.0+AND+Lat%3C%3D44.0+AND+Lon%3E%3D-20.0+AND+Lon%3C%3D-5.0,C:\memoria-seismic-observatory\data\bronze\ahead\2026\07\20\epica_portugal_20260720T211501Z.json,,True,2026-07-20 21:15:02.002471+00:00
MEM-0EC9915D862A6CB6,11,AHEAD,,37.638,-5.383,,6.1,Mw,6.1,8-9,Andalucia Occidental,,53.5,0.3,,,medium,0.72,historical,https://www.emidius.eu/services/europe/wfs?service=WFS&version=2.0.0&request=GetFeature&typeNames=europe%3AEPICA_1000_1899&outputFormat=application%2Fjson&CQL_FILTER=Lat%3E%3D32.0+AND+Lat%3C%3D44.0+AND+Lon%3E%3D-20.0+AND+Lon%3C%3D-5.0,C:\memoria-seismic-observatory\data\bronze\ahead\2026\07\20\epica_portugal_20260720T211501Z.json,,True,2026-07-20 21:15:02.002471+00:00
MEM-42D926EE0B71A2AE,12,AHEAD,,40.167,-8.5,,3.8,Mw,3.8,5,Coimbra.PORT,,99.9,0.5,,,medium,0.72,historical,https://www.emidius.eu/services/europe/wfs?service=WFS&version=2.0.0&request=GetFeature&typeNames=europe%3AEPICA_1000_1899&outputFormat=application%2Fjson&CQL_FILTER=Lat%3E%3D32.0+AND+Lat%3C%3D44.0+AND+Lon%3E%3D-20.0+AND+Lon%3C%3D-5.0,C:\memoria-seismic-observatory\data\bronze\ahead\2026\07\20\epica_portugal_20260720T211501Z.json,,True,2026-07-20 21:15:02.002471+00:00
MEM-6311CDCA0F4B6277,13,AHEAD,,39.0,-9.0,,,,,,[Portugal?],,,,,,medium,0.58,historical,https://www.emidius.eu/services/europe/wfs?service=WFS&version=2.0.0&request=GetFeature&typeNames=europe%3AEPICA_1000_1899&outputFormat=application%2Fjson&CQL_FILTER=Lat%3E%3D32.0+AND+Lat%3C%3D44.0+AND+Lon%3E%3D-20.0+AND+Lon%3C%3D-5.0,C:\memoria-seismic-observatory\data\bronze\ahead\2026\07\20\epica_portugal_20260720T211501Z.json,,True,2026-07-20 21:15:02.002471+00:00
MEM-809ABC6AC4E7097C,14,AHEAD,,37.598,-5.725,,6.03,Mw,6.03,8,Carmona,,14.2,0.3,,,medium,0.72,historical,https://www.emidius.eu/services/europe/wfs?service=WFS&version=2.0.0&request=GetFeature&typeNames=europe%3AEPICA_1000_1899&outputFormat=application%2Fjson&CQL_FILTER=Lat%3E%3D32.0+AND+Lat%3C%3D44.0+AND+Lon%3E%3D-20.0+AND+Lon%3C%3D-5.0,C:\memoria-seismic-observatory\data\bronze\ahead\2026\07\20\epica_portugal_20260720T211501Z.json,,True,2026-07-20 21:15:02.002471+00:00
MEM-D37572254E885661,15,AHEAD,,37.383,-5.467,,3.8,Mw,3.8,5,Carmona.SE,,50.0,0.5,,,medium,0.72,historical,https://www.emidius.eu/services/europe/wfs?service=WFS&version=2.0.0&request=GetFeature&typeNames=europe%3AEPICA_1000_1899&outputFormat=application%2Fjson&CQL_FILTER=Lat%3E%3D32.0+AND+Lat%3C%3D44.0+AND+Lon%3E%3D-20.0+AND+Lon%3C%3D-5.0,C:\memoria-seismic-observatory\data\bronze\ahead\2026\07\20\epica_portugal_20260720T211501Z.json,,True,2026-07-20 21:15:02.002471+00:00
MEM-A253A230633B913F,16,AHEAD,,39.549,-8.982,,4.73,Mw,4.73,6,Alcobaça,,40.0,0.41,,,medium,0.72,historical,https://www.emidius.eu/services/europe/wfs?service=WFS&version=2.0.0&request=GetFeature&typeNames=europe%3AEPICA_1000_1899&outputFormat=application%2Fjson&CQL_FILTER=Lat%3E%3D32.0+AND+Lat%3C%3D44.0+AND+Lon%3E%3D-20.0+AND+Lon%3C%3D-5.0,C:\memoria-seismic-observatory\data\bronze\ahead\2026\07\20\epica_portugal_20260720T211501Z.json,,True,2026-07-20 21:15:02.002471+00:00
MEM-881D30B705DEDEAC,17,AHEAD,,39.002,-8.889,,6.7,Mw,6.7,9,Lisbon,,4.6,0.42,,,medium,0.72,historical,https://www.emidius.eu/services/europe/wfs?service=WFS&version=2.0.0&request=GetFeature&typeNames=europe%3AEPICA_1000_1899&outputFormat=application%2Fjson&CQL_FILTER=Lat%3E%3D32.0+AND+Lat%3C%3D44.0+AND+Lon%3E%3D-20.0+AND+Lon%3C%3D-5.0,C:\memoria-seismic-observatory\data\bronze\ahead\2026\07\20\epica_portugal_20260720T211501Z.json,,True,2026-07-20 21:15:02.002471+00:00
MEM-4FFA6DA8606EA707,18,AHEAD,,38.5,-8.0,,4.46,Mw,4.46,6,Evora,,99.9,0.5,,,medium,0.72,historical,https://www.emidius.eu/services/europe/wfs?service=WFS&version=2.0.0&request=GetFeature&typeNames=europe%3AEPICA_1000_1899&outputFormat=application%2Fjson&CQL_FILTER=Lat%3E%3D32.0+AND+Lat%3C%3D44.0+AND+Lon%3E%3D-20.0+AND+Lon%3C%3D-5.0,C:\memoria-seismic-observatory\data\bronze\ahead\2026\07\20\epica_portugal_20260720T211501Z.json,,True,2026-07-20 21:15:02.002471+00:00
MEM-93F922D18A0FB3FC,19,AHEAD,,38.7,-9.2,,3.8,Mw,3.8,5,Lisboa,,99.9,0.5,,,medium,0.72,historical,https://www.emidius.eu/services/europe/wfs?service=WFS&version=2.0.0&request=GetFeature&typeNames=europe%3AEPICA_1000_1899&outputFormat=application%2Fjson&CQL_FILTER=Lat%3E%3D32.0+AND+Lat%3C%3D44.0+AND+Lon%3E%3D-20.0+AND+Lon%3C%3D-5.0,C:\memoria-seismic-observatory\data\bronze\ahead\2026\07\20\epica_portugal_20260720T211501Z.json,,True,2026-07-20 21:15:02.002471+00:00
MEM-6BE8130FA1977C8A,20,AHEAD,,38.7,-9.2,,3.8,Mw,3.8,5,Lisboa,,99.9,0.5,,,medium,0.72,historical,https://www.emidius.eu/services/europe/wfs?service=WFS&version=2.0.0&request=GetFeature&typeNames=europe%3AEPICA_1000_1899&outputFormat=application%2Fjson&CQL_FILTER=Lat%3E%3D32.0+AND+Lat%3C%3D44.0+AND+Lon%3E%3D-20.0+AND+Lon%3C%3D-5.0,C:\memoria-seismic-observatory\data\bronze\ahead\2026\07\20\epica_portugal_20260720T211501Z.json,,True,2026-07-20 21:15:02.002471+00:00
MEM-CB3911D964DDAB77,21,AHEAD,,38.7,-9.2,,3.8,Mw,3.8,5,Lisboa.PORT,,99.9,0.5,,,medium,0.72,historical,https://www.emidius.eu/services/europe/wfs?service=WFS&version=2.0.0&request=GetFeature&typeNames=europe%3AEPICA_1000_1899&outputFormat=application%2Fjson&CQL_FILTER=Lat%3E%3D32.0+AND+Lat%3C%3D44.0+AND+Lon%3E%3D-20.0+AND+Lon%3C%3D-5.0,C:\memoria-seismic-observatory\data\bronze\ahead\2026\07\20\epica_portugal_20260720T211501Z.json,,True,2026-07-20 21:15:02.002471+00:00
MEM-36619A6A8FECCA15,22,AHEAD,,37.4,-6.0,,3.8,Mw,3.8,5,Sevilla,,99.9,0.5,,,medium,0.72,historical,https://www.emidius.eu/services/europe/wfs?service=WFS&version=2.0.0&request=GetFeature&typeNames=europe%3AEPICA_1000_1899&outputFormat=application%2Fjson&CQL_FILTER=Lat%3E%3D32.0+AND+Lat%3C%3D44.0+AND+Lon%3E%3D-20.0+AND+Lon%3C%3D-5.0,C:\memoria-seismic-observatory\data\bronze\ahead\2026\07\20\epica_portugal_20260720T211501Z.json,,True,2026-07-20 21:15:02.002471+00:00
MEM-56C5DC97551519DF,23,AHEAD,,35.53,-5.19,,5.2,Mw,5.2,7,Fès,,39.9,0.3,,,medium,0.72,historical,https://www.emidius.eu/services/europe/wfs?service=WFS&version=2.0.0&request=GetFeature&typeNames=europe%3AEPICA_1000_1899&outputFormat=application%2Fjson&CQL_FILTER=Lat%3E%3D32.0+AND+Lat%3C%3D44.0+AND+Lon%3E%3D-20.0+AND+Lon%3C%3D-5.0,C:\memoria-seismic-observatory\data\bronze\ahead\2026\07\20\epica_portugal_20260720T211501Z.json,,True,2026-07-20 21:15:02.002471+00:00
MEM-064584AB802103A0,24,AHEAD,1693-06-07 00:00:00+00:00,37.4,-6.0,,3.8,Mw,3.8,5,Sevilla,,50.0,0.5,,,medium,0.72,historical,https://www.emidius.eu/services/europe/wfs?service=WFS&version=2.0.0&request=GetFeature&typeNames=europe%3AEPICA_1000_1899&outputFormat=application%2Fjson&CQL_FILTER=Lat%3E%3D32.0+AND+Lat%3C%3D44.0+AND+Lon%3E%3D-20.0+AND+Lon%3C%3D-5.0,C:\memoria-seismic-observatory\data\bronze\ahead\2026\07\20\epica_portugal_20260720T211501Z.json,,True,2026-07-20 21:15:02.002471+00:00
MEM-FA4F3DD7D0E6A5B4,25,AHEAD,1699-10-27 00:00:00+00:00,38.7,-9.2,,4.0,Mw,4.0,,[Lisboa],,49.9,0.5,,,medium,0.72,historical,https://www.emidius.eu/services/europe/wfs?service=WFS&version=2.0.0&request=GetFeature&typeNames=europe%3AEPICA_1000_1899&outputFormat=application%2Fjson&CQL_FILTER=Lat%3E%3D32.0+AND+Lat%3C%3D44.0+AND+Lon%3E%3D-20.0+AND+Lon%3C%3D-5.0,C:\memoria-seismic-observatory\data\bronze\ahead\2026\07\20\epica_portugal_20260720T211501Z.json,,True,2026-07-20 21:15:02.002471+00:00
MEM-5737CDE4317EE7C1,26,AHEAD,1719-03-06 05:00:00+00:00,37.133,-8.5,,4.79,Mw,4.79,6-7,Portimao.PORT,,99.9,0.5,,,medium,0.72,historical,https://www.emidius.eu/services/europe/wfs?service=WFS&version=2.0.0&request=GetFeature&typeNames=europe%3AEPICA_1000_1899&outputFormat=application%2Fjson&CQL_FILTER=Lat%3E%3D32.0+AND+Lat%3C%3D44.0+AND+Lon%3E%3D-20.0+AND+Lon%3C%3D-5.0,C:\memoria-seismic-observatory\data\bronze\ahead\2026\07\20\epica_portugal_20260720T211501Z.json,,True,2026-07-20 21:15:02.002471+00:00
MEM-D404198386124A95,27,AHEAD,1722-12-27 00:00:00+00:00,36.4,-7.766,,6.5,Mw,6.5,8,Algarve,,50.0,0.3,,,medium,0.72,historical,https://www.emidius.eu/services/europe/wfs?service=WFS&version=2.0.0&request=GetFeature&typeNames=europe%3AEPICA_1000_1899&outputFormat=application%2Fjson&CQL_FILTER=Lat%3E%3D32.0+AND+Lat%3C%3D44.0+AND+Lon%3E%3D-20.0+AND+Lon%3C%3D-5.0,C:\memoria-seismic-observatory\data\bronze\ahead\2026\07\20\epica_portugal_20260720T211501Z.json,,True,2026-07-20 21:15:02.002471+00:00
MEM-771F48D17A7E2F66,28,AHEAD,1724-02-27 06:30:00+00:00,37.387,-5.991,,4.13,Mw,4.13,5-6,Sevilla,,40.0,0.36,,,medium,0.72,historical,https://www.emidius.eu/services/europe/wfs?service=WFS&version=2.0.0&request=GetFeature&typeNames=europe%3AEPICA_1000_1899&outputFormat=application%2Fjson&CQL_FILTER=Lat%3E%3D32.0+AND+Lat%3C%3D44.0+AND+Lon%3E%3D-20.0+AND+Lon%3C%3D-5.0,C:\memoria-seismic-observatory\data\bronze\ahead\2026\07\20\epica_portugal_20260720T211501Z.json,,True,2026-07-20 21:15:02.002471+00:00
MEM-65349916FEB542FF,29,AHEAD,1724-10-12 02:45:00+00:00,39.0,-12.5,,7.0,Mw,7.0,,[Océano Atlántico],,99.9,0.5,,,medium,0.72,historical,https://www.emidius.eu/services/europe/wfs?service=WFS&version=2.0.0&request=GetFeature&typeNames=europe%3AEPICA_1000_1899&outputFormat=application%2Fjson&CQL_FILTER=Lat%3E%3D32.0+AND+Lat%3C%3D44.0+AND+Lon%3E%3D-20.0+AND+Lon%3C%3D-5.0,C:\memoria-seismic-observatory\data\bronze\ahead\2026\07\20\epica_portugal_20260720T211501Z.json,,True,2026-07-20 21:15:02.002471+00:00
MEM-BA6A53065C83DFC7,30,AHEAD,1732-01-10 09:00:00+00:00,37.4,-6.0,,3.8,Mw,3.8,5,Sevilla,,99.9,0.5,,,medium,0.72,historical,https://www.emidius.eu/services/europe/wfs?service=WFS&version=2.0.0&request=GetFeature&typeNames=europe%3AEPICA_1000_1899&outputFormat=application%2Fjson&CQL_FILTER=Lat%3E%3D32.0+AND+Lat%3C%3D44.0+AND+Lon%3E%3D-20.0+AND+Lon%3C%3D-5.0,C:\memoria-seismic-observatory\data\bronze\ahead\2026\07\20\epica_portugal_20260720T211501Z.json,,True,2026-07-20 21:15:02.002471+00:00
MEM-832657DD2D2484D4,31,AHEAD,1734-02-02 00:00:00+00:00,37.0,-8.1,,5.0,Mw,5.0,,Mar.Sul,,49.9,0.5,,,medium,0.72,historical,https://www.emidius.eu/services/europe/wfs?service=WFS&version=2.0.0&request=GetFeature&typeNames=europe%3AEPICA_1000_1899&outputFormat=application%2Fjson&CQL_FILTER=Lat%3E%3D32.0+AND+Lat%3C%3D44.0+AND+Lon%3E%3D-20.0+AND+Lon%3C%3D-5.0,C:\memoria-seismic-observatory\data\bronze\ahead\2026\07\20\epica_portugal_20260720T211501Z.json,,True,2026-07-20 21:15:02.002471+00:00
MEM-14C0BBB5D8836FEC,32,AHEAD,1736-10-06 19:30:00+00:00,37.1,-8.5,,5.0,Mw,5.0,,[Algarve],,49.9,0.5,,,medium,0.72,historical,https://www.emidius.eu/services/europe/wfs?service=WFS&version=2.0.0&request=GetFeature&typeNames=europe%3AEPICA_1000_1899&outputFormat=application%2Fjson&CQL_FILTER=Lat%3E%3D32.0+AND+Lat%3C%3D44.0+AND+Lon%3E%3D-20.0+AND+Lon%3C%3D-5.0,C:\memoria-seismic-observatory\data\bronze\ahead\2026\07\20\epica_portugal_20260720T211501Z.json,,True,2026-07-20 21:15:02.002471+00:00
MEM-152E077CE1BC41DE,33,AHEAD,1739-10-25 00:30:00+00:00,37.1,-8.5,,5.0,Mw,5.0,,[Algarve],,39.9,0.5,,,medium,0.72,historical,https://www.emidius.eu/services/europe/wfs?service=WFS&version=2.0.0&request=GetFeature&typeNames=europe%3AEPICA_1000_1899&outputFormat=application%2Fjson&CQL_FILTER=Lat%3E%3D32.0+AND+Lat%3C%3D44.0+AND+Lon%3E%3D-20.0+AND+Lon%3C%3D-5.0,C:\memoria-seismic-observatory\data\bronze\ahead\2026\07\20\epica_portugal_20260720T211501Z.json,,True,2026-07-20 21:15:02.002471+00:00
MEM-1CCED8F748A220E7,34,AHEAD,1748-01-24 01:30:00+00:00,38.7,-9.2,,3.15,Mw,3.15,4,Lisboa,,49.9,0.5,,,medium,0.72,historical,https://www.emidius.eu/services/europe/wfs?service=WFS&version=2.0.0&request=GetFeature&typeNames=europe%3AEPICA_1000_1899&outputFormat=application%2Fjson&CQL_FILTER=Lat%3E%3D32.0+AND+Lat%3C%3D44.0+AND+Lon%3E%3D-20.0+AND+Lon%3C%3D-5.0,C:\memoria-seismic-observatory\data\bronze\ahead\2026\07\20\epica_portugal_20260720T211501Z.json,,True,2026-07-20 21:15:02.002471+00:00
MEM-532C1560C1F59AC4,35,AHEAD,1748-09-22 09:30:00+00:00,37.387,-5.991,,4.13,Mw,4.13,5-6,Sevilla,,40.0,0.36,,,medium,0.72,historical,https://www.emidius.eu/services/europe/wfs?service=WFS&version=2.0.0&request=GetFeature&typeNames=europe%3AEPICA_1000_1899&outputFormat=application%2Fjson&CQL_FILTER=Lat%3E%3D32.0+AND+Lat%3C%3D44.0+AND+Lon%3E%3D-20.0+AND+Lon%3C%3D-5.0,C:\memoria-seismic-observatory\data\bronze\ahead\2026\07\20\epica_portugal_20260720T211501Z.json,,True,2026-07-20 21:15:02.002471+00:00
MEM-AE2AA02EC495F6AC,36,AHEAD,1750-05-09 00:00:00+00:00,37.261,-6.949,,5.11,Mw,5.11,7,Huelva,,30.0,0.36,,,medium,0.72,historical,https://www.emidius.eu/services/europe/wfs?service=WFS&version=2.0.0&request=GetFeature&typeNames=europe%3AEPICA_1000_1899&outputFormat=application%2Fjson&CQL_FILTER=Lat%3E%3D32.0+AND+Lat%3C%3D44.0+AND+Lon%3E%3D-20.0+AND+Lon%3C%3D-5.0,C:\memoria-seismic-observatory\data\bronze\ahead\2026\07\20\epica_portugal_20260720T211501Z.json,,True,2026-07-20 21:15:02.002471+00:00
MEM-2DE14995B8824822,37,AHEAD,1751-12-19 11:00:00+00:00,41.2,-7.0,,4.0,Mw,4.0,,SCR,,39.9,0.5,,,medium,0.72,historical,https://www.emidius.eu/services/europe/wfs?service=WFS&version=2.0.0&request=GetFeature&typeNames=europe%3AEPICA_1000_1899&outputFormat=application%2Fjson&CQL_FILTER=Lat%3E%3D32.0+AND+Lat%3C%3D44.0+AND+Lon%3E%3D-20.0+AND+Lon%3C%3D-5.0,C:\memoria-seismic-observatory\data\bronze\ahead\2026\07\20\epica_portugal_20260720T211501Z.json,,True,2026-07-20 21:15:02.002471+00:00
MEM-9B893421151BA86F,38,AHEAD,1755-11-01 09:30:00+00:00,36.5,-10.0,,8.5,Mw,8.5,,Lisboa,,49.9,0.3,,,medium,0.72,historical,https://www.emidius.eu/services/europe/wfs?service=WFS&version=2.0.0&request=GetFeature&typeNames=europe%3AEPICA_1000_1899&outputFormat=application%2Fjson&CQL_FILTER=Lat%3E%3D32.0+AND+Lat%3C%3D44.0+AND+Lon%3E%3D-20.0+AND+Lon%3C%3D-5.0,C:\memoria-seismic-observatory\data\bronze\ahead\2026\07\20\epica_portugal_20260720T211501Z.json,,True,2026-07-20 21:15:02.002471+00:00
MEM-E15CA6A17CC19B68,39,AHEAD,1761-04-01 22:00:00+00:00,36.8,-9.383,,,,,,SW. Cabo San Vicente,,,,,,medium,0.58,historical,https://www.emidius.eu/services/europe/wfs?service=WFS&version=2.0.0&request=GetFeature&typeNames=europe%3AEPICA_1000_1899&outputFormat=application%2Fjson&CQL_FILTER=Lat%3E%3D32.0+AND+Lat%3C%3D44.0+AND+Lon%3E%3D-20.0+AND+Lon%3C%3D-5.0,C:\memoria-seismic-observatory\data\bronze\ahead\2026\07\20\epica_portugal_20260720T211501Z.json,,True,2026-07-20 21:15:02.002471+00:00
MEM-611F15BF212E9382,40,AHEAD,1756-12-08 00:00:00+00:00,38.4,-9.1,,4.0,Mw,4.0,,SCR,,99.9,0.5,,,medium,0.72,historical,https://www.emidius.eu/services/europe/wfs?service=WFS&version=2.0.0&request=GetFeature&typeNames=europe%3AEPICA_1000_1899&outputFormat=application%2Fjson&CQL_FILTER=Lat%3E%3D32.0+AND+Lat%3C%3D44.0+AND+Lon%3E%3D-20.0+AND+Lon%3C%3D-5.0,C:\memoria-seismic-observatory\data\bronze\ahead\2026\07\20\epica_portugal_20260720T211501Z.json,,True,2026-07-20 21:15:02.002471+00:00
MEM-969DD5FD18487054,41,AHEAD,1757-01-16 02:00:00+00:00,38.7,-9.2,,4.46,Mw,4.46,6,Lisboa,,39.9,0.5,,,medium,0.72,historical,https://www.emidius.eu/services/europe/wfs?service=WFS&version=2.0.0&request=GetFeature&typeNames=europe%3AEPICA_1000_1899&outputFormat=application%2Fjson&CQL_FILTER=Lat%3E%3D32.0+AND+Lat%3C%3D44.0+AND+Lon%3E%3D-20.0+AND+Lon%3C%3D-5.0,C:\memoria-seismic-observatory\data\bronze\ahead\2026\07\20\epica_portugal_20260720T211501Z.json,,True,2026-07-20 21:15:02.002471+00:00
MEM-792BEB91CAD18519,42,AHEAD,1757-03-18 05:30:00+00:00,38.6,-9.3,,5.11,Mw,5.11,7,Cascais,,49.9,0.5,,,medium,0.72,historical,https://www.emidius.eu/services/europe/wfs?service=WFS&version=2.0.0&request=GetFeature&typeNames=europe%3AEPICA_1000_1899&outputFormat=application%2Fjson&CQL_FILTER=Lat%3E%3D32.0+AND+Lat%3C%3D44.0+AND+Lon%3E%3D-20.0+AND+Lon%3C%3D-5.0,C:\memoria-seismic-observatory\data\bronze\ahead\2026\07\20\epica_portugal_20260720T211501Z.json,,True,2026-07-20 21:15:02.002471+00:00
MEM-131C754EDB9E548E,43,AHEAD,1757-10-10 18:30:00+00:00,38.7,-7.5,,4.46,Mw,4.46,6,Alentejo,,49.9,0.5,,,medium,0.72,historical,https://www.emidius.eu/services/europe/wfs?service=WFS&version=2.0.0&request=GetFeature&typeNames=europe%3AEPICA_1000_1899&outputFormat=application%2Fjson&CQL_FILTER=Lat%3E%3D32.0+AND+Lat%3C%3D44.0+AND+Lon%3E%3D-20.0+AND+Lon%3C%3D-5.0,C:\memoria-seismic-observatory\data\bronze\ahead\2026\07\20\epica_portugal_20260720T211501Z.json,,True,2026-07-20 21:15:02.002471+00:00
MEM-26818B8A27530E8A,44,AHEAD,1761-03-31 12:15:00+00:00,36.0,-10.5,,7.5,Mw,7.5,,SW Cabo San Vicente,,49.9,0.5,,,medium,0.72,historical,https://www.emidius.eu/services/europe/wfs?service=WFS&version=2.0.0&request=GetFeature&typeNames=europe%3AEPICA_1000_1899&outputFormat=application%2Fjson&CQL_FILTER=Lat%3E%3D32.0+AND+Lat%3C%3D44.0+AND+Lon%3E%3D-20.0+AND+Lon%3C%3D-5.0,C:\memoria-seismic-observatory\data\bronze\ahead\2026\07\20\epica_portugal_20260720T211501Z.json,,True,2026-07-20 21:15:02.002471+00:00
MEM-C6786A3447408F22,45,AHEAD,1758-07-03 00:45:00+00:00,38.7,-9.2,,4.3,Mw,4.3,,SCR,,49.9,0.5,,,medium,0.72,historical,https://www.emidius.eu/services/europe/wfs?service=WFS&version=2.0.0&request=GetFeature&typeNames=europe%3AEPICA_1000_1899&outputFormat=application%2Fjson&CQL_FILTER=Lat%3E%3D32.0+AND+Lat%3C%3D44.0+AND+Lon%3E%3D-20.0+AND+Lon%3C%3D-5.0,C:\memoria-seismic-observatory\data\bronze\ahead\2026\07\20\epica_portugal_20260720T211501Z.json,,True,2026-07-20 21:15:02.002471+00:00
MEM-ABA1D02EEAC89CCE,46,AHEAD,1759-04-25 00:00:00+00:00,38.7,-9.2,,4.3,Mw,4.3,,SCR,,49.9,0.5,,,medium,0.72,historical,https://www.emidius.eu/services/europe/wfs?service=WFS&version=2.0.0&request=GetFeature&typeNames=europe%3AEPICA_1000_1899&outputFormat=application%2Fjson&CQL_FILTER=Lat%3E%3D32.0+AND+Lat%3C%3D44.0+AND+Lon%3E%3D-20.0+AND+Lon%3C%3D-5.0,C:\memoria-seismic-observatory\data\bronze\ahead\2026\07\20\epica_portugal_20260720T211501Z.json,,True,2026-07-20 21:15:02.002471+00:00
MEM-B3799CAA4493E67E,47,AHEAD,1760-08-01 00:00:00+00:00,38.7,-9.2,,4.3,Mw,4.3,,SCR,,49.9,0.5,,,medium,0.72,historical,https://www.emidius.eu/services/europe/wfs?service=WFS&version=2.0.0&request=GetFeature&typeNames=europe%3AEPICA_1000_1899&outputFormat=application%2Fjson&CQL_FILTER=Lat%3E%3D32.0+AND+Lat%3C%3D44.0+AND+Lon%3E%3D-20.0+AND+Lon%3C%3D-5.0,C:\memoria-seismic-observatory\data\bronze\ahead\2026\07\20\epica_portugal_20260720T211501Z.json,,True,2026-07-20 21:15:02.002471+00:00
MEM-AE29CF0FA90DD438,48,AHEAD,1761-04-02 05:00:00+00:00,38.7,-9.2,,4.3,Mw,4.3,,SCR,,49.9,0.5,,,medium,0.72,historical,https://www.emidius.eu/services/europe/wfs?service=WFS&version=2.0.0&request=GetFeature&typeNames=europe%3AEPICA_1000_1899&outputFormat=application%2Fjson&CQL_FILTER=Lat%3E%3D32.0+AND+Lat%3C%3D44.0+AND+Lon%3E%3D-20.0+AND+Lon%3C%3D-5.0,C:\memoria-seismic-observatory\data\bronze\ahead\2026\07\20\epica_portugal_20260720T211501Z.json,,True,2026-07-20 21:15:02.002471+00:00
MEM-55161D1E462A3430,49,AHEAD,1763-10-11 08:15:00+00:00,36.5,-10.0,,,,,5,SW. Cabo San Vicente,,99.9,,,,medium,0.58,historical,https://www.emidius.eu/services/europe/wfs?service=WFS&version=2.0.0&request=GetFeature&typeNames=europe%3AEPICA_1000_1899&outputFormat=application%2Fjson&CQL_FILTER=Lat%3E%3D32.0+AND+Lat%3C%3D44.0+AND+Lon%3E%3D-20.0+AND+Lon%3C%3D-5.0,C:\memoria-seismic-observatory\data\bronze\ahead\2026\07\20\epica_portugal_20260720T211501Z.json,,True,2026-07-20 21:15:02.002471+00:00
MEM-A88E9F4EC1A89FA6,50,AHEAD,1764-12-26 11:00:00+00:00,38.7,-9.2,,4.46,Mw,4.46,6,Lisboa,,49.9,0.5,,,medium,0.72,historical,https://www.emidius.eu/services/europe/wfs?service=WFS&version=2.0.0&request=GetFeature&typeNames=europe%3AEPICA_1000_1899&outputFormat=application%2Fjson&CQL_FILTER=Lat%3E%3D32.0+AND+Lat%3C%3D44.0+AND+Lon%3E%3D-20.0+AND+Lon%3C%3D-5.0,C:\memoria-seismic-observatory\data\bronze\ahead\2026\07\20\epica_portugal_20260720T211501Z.json,,True,2026-07-20 21:15:02.002471+00:00
MEM-B5AAF5D5D6D88973,51,AHEAD,1768-06-09 02:24:00+00:00,38.7,-9.2,,4.3,Mw,4.3,,SCR,,49.9,0.5,,,medium,0.72,historical,https://www.emidius.eu/services/europe/wfs?service=WFS&version=2.0.0&request=GetFeature&typeNames=europe%3AEPICA_1000_1899&outputFormat=application%2Fjson&CQL_FILTER=Lat%3E%3D32.0+AND+Lat%3C%3D44.0+AND+Lon%3E%3D-20.0+AND+Lon%3C%3D-5.0,C:\memoria-seismic-observatory\data\bronze\ahead\2026\07\20\epica_portugal_20260720T211501Z.json,,True,2026-07-20 21:15:02.002471+00:00
MEM-E61562765FD335A3,52,AHEAD,1769-02-06 14:30:00+00:00,38.7,-9.2,,4.46,Mw,4.46,6,Lisboa,,49.9,0.5,,,medium,0.72,historical,https://www.emidius.eu/services/europe/wfs?service=WFS&version=2.0.0&request=GetFeature&typeNames=europe%3AEPICA_1000_1899&outputFormat=application%2Fjson&CQL_FILTER=Lat%3E%3D32.0+AND+Lat%3C%3D44.0+AND+Lon%3E%3D-20.0+AND+Lon%3C%3D-5.0,C:\memoria-seismic-observatory\data\bronze\ahead\2026\07\20\epica_portugal_20260720T211501Z.json,,True,2026-07-20 21:15:02.002471+00:00
MEM-13CD89DB45EE000E,53,AHEAD,1772-04-05 23:59:00+00:00,38.0,-9.0,,4.0,Mw,4.0,,SCR,,99.9,0.5,,,medium,0.72,historical,https://www.emidius.eu/services/europe/wfs?service=WFS&version=2.0.0&request=GetFeature&typeNames=europe%3AEPICA_1000_1899&outputFormat=application%2Fjson&CQL_FILTER=Lat%3E%3D32.0+AND+Lat%3C%3D44.0+AND+Lon%3E%3D-20.0+AND+Lon%3C%3D-5.0,C:\memoria-seismic-observatory\data\bronze\ahead\2026\07\20\epica_portugal_20260720T211501Z.json,,True,2026-07-20 21:15:02.002471+00:00
MEM-43D30D1B8DA6A3D9,54,AHEAD,1772-04-10 07:00:00+00:00,36.5,-10.0,,,,,5,SW. Cabo San Vicente,,99.9,,,,medium,0.58,historical,https://www.emidius.eu/services/europe/wfs?service=WFS&version=2.0.0&request=GetFeature&typeNames=europe%3AEPICA_1000_1899&outputFormat=application%2Fjson&CQL_FILTER=Lat%3E%3D32.0+AND+Lat%3C%3D44.0+AND+Lon%3E%3D-20.0+AND+Lon%3C%3D-5.0,C:\memoria-seismic-observatory\data\bronze\ahead\2026\07\20\epica_portugal_20260720T211501Z.json,,True,2026-07-20 21:15:02.002471+00:00
MEM-FF7CB68692919090,55,AHEAD,1773-04-12 05:15:00+00:00,35.519,-6.812,,6.07,Mw,6.07,,Golfo de Cádiz,,50.0,0.3,,,medium,0.72,historical,https://www.emidius.eu/services/europe/wfs?service=WFS&version=2.0.0&request=GetFeature&typeNames=europe%3AEPICA_1000_1899&outputFormat=application%2Fjson&CQL_FILTER=Lat%3E%3D32.0+AND+Lat%3C%3D44.0+AND+Lon%3E%3D-20.0+AND+Lon%3C%3D-5.0,C:\memoria-seismic-observatory\data\bronze\ahead\2026\07\20\epica_portugal_20260720T211501Z.json,,True,2026-07-20 21:15:02.002471+00:00
MEM-2FB6C3BA51EED5C4,56,AHEAD,1777-10-01 06:00:00+00:00,38.833,-9.45,,3.8,Mw,3.8,5,Sintra.PORT,,50.0,0.5,,,medium,0.72,historical,https://www.emidius.eu/services/europe/wfs?service=WFS&version=2.0.0&request=GetFeature&typeNames=europe%3AEPICA_1000_1899&outputFormat=application%2Fjson&CQL_FILTER=Lat%3E%3D32.0+AND+Lat%3C%3D44.0+AND+Lon%3E%3D-20.0+AND+Lon%3C%3D-5.0,C:\memoria-seismic-observatory\data\bronze\ahead\2026\07\20\epica_portugal_20260720T211501Z.json,,True,2026-07-20 21:15:02.002471+00:00
MEM-29DF650BE4485893,57,AHEAD,1783-04-13 23:00:00+00:00,41.2,-8.7,,5.0,Mw,5.0,,Mar Oeste,,49.9,0.5,,,medium,0.72,historical,https://www.emidius.eu/services/europe/wfs?service=WFS&version=2.0.0&request=GetFeature&typeNames=europe%3AEPICA_1000_1899&outputFormat=application%2Fjson&CQL_FILTER=Lat%3E%3D32.0+AND+Lat%3C%3D44.0+AND+Lon%3E%3D-20.0+AND+Lon%3C%3D-5.0,C:\memoria-seismic-observatory\data\bronze\ahead\2026\07\20\epica_portugal_20260720T211501Z.json,,True,2026-07-20 21:15:02.002471+00:00
MEM-CD7E98A016A3CE53,58,AHEAD,1791-11-27 22:30:00+00:00,38.0,-7.9,,4.46,Mw,4.46,6,Prox.Baja,,49.9,0.5,,,medium,0.72,historical,https://www.emidius.eu/services/europe/wfs?service=WFS&version=2.0.0&request=GetFeature&typeNames=europe%3AEPICA_1000_1899&outputFormat=application%2Fjson&CQL_FILTER=Lat%3E%3D32.0+AND+Lat%3C%3D44.0+AND+Lon%3E%3D-20.0+AND+Lon%3C%3D-5.0,C:\memoria-seismic-observatory\data\bronze\ahead\2026\07\20\epica_portugal_20260720T211501Z.json,,True,2026-07-20 21:15:02.002471+00:00
MEM-69AFABE399521C90,59,AHEAD,1793-05-02 00:30:00+00:00,41.5,-8.5,,4.46,Mw,4.46,6,Braga,,99.9,0.5,,,medium,0.72,historical,https://www.emidius.eu/services/europe/wfs?service=WFS&version=2.0.0&request=GetFeature&typeNames=europe%3AEPICA_1000_1899&outputFormat=application%2Fjson&CQL_FILTER=Lat%3E%3D32.0+AND+Lat%3C%3D44.0+AND+Lon%3E%3D-20.0+AND+Lon%3C%3D-5.0,C:\memoria-seismic-observatory\data\bronze\ahead\2026\07\20\epica_portugal_20260720T211501Z.json,,True,2026-07-20 21:15:02.002471+00:00
MEM-1B4E9F0C51A1EC9D,60,AHEAD,1795-11-28 01:45:00+00:00,38.7,-9.2,,4.3,Mw,4.3,,SCR,,49.9,0.5,,,medium,0.72,historical,https://www.emidius.eu/services/europe/wfs?service=WFS&version=2.0.0&request=GetFeature&typeNames=europe%3AEPICA_1000_1899&outputFormat=application%2Fjson&CQL_FILTER=Lat%3E%3D32.0+AND+Lat%3C%3D44.0+AND+Lon%3E%3D-20.0+AND+Lon%3C%3D-5.0,C:\memoria-seismic-observatory\data\bronze\ahead\2026\07\20\epica_portugal_20260720T211501Z.json,,True,2026-07-20 21:15:02.002471+00:00
MEM-728ED6E22863F5C1,61,AHEAD,1796-01-17 05:00:00+00:00,38.7,-9.2,,4.46,Mw,4.46,6,Lisboa,,49.9,0.5,,,medium,0.72,historical,https://www.emidius.eu/services/europe/wfs?service=WFS&version=2.0.0&request=GetFeature&typeNames=europe%3AEPICA_1000_1899&outputFormat=application%2Fjson&CQL_FILTER=Lat%3E%3D32.0+AND+Lat%3C%3D44.0+AND+Lon%3E%3D-20.0+AND+Lon%3C%3D-5.0,C:\memoria-seismic-observatory\data\bronze\ahead\2026\07\20\epica_portugal_20260720T211501Z.json,,True,2026-07-20 21:15:02.002471+00:00
MEM-E2E34CD770947844,62,AHEAD,1796-01-27 05:00:00+00:00,38.7,-9.2,,4.46,Mw,4.46,6,Lisboa,,49.9,0.5,,,medium,0.72,historical,https://www.emidius.eu/services/europe/wfs?service=WFS&version=2.0.0&request=GetFeature&typeNames=europe%3AEPICA_1000_1899&outputFormat=application%2Fjson&CQL_FILTER=Lat%3E%3D32.0+AND+Lat%3C%3D44.0+AND+Lon%3E%3D-20.0+AND+Lon%3C%3D-5.0,C:\memoria-seismic-observatory\data\bronze\ahead\2026\07\20\epica_portugal_20260720T211501Z.json,,True,2026-07-20 21:15:02.002471+00:00
MEM-AF045458DB0C1D8A,63,AHEAD,1807-06-06 16:00:00+00:00,38.7,-9.2,,5.0,Mw,5.0,,[Lisboa],,49.9,0.5,,,medium,0.72,historical,https://www.emidius.eu/services/europe/wfs?service=WFS&version=2.0.0&request=GetFeature&typeNames=europe%3AEPICA_1000_1899&outputFormat=application%2Fjson&CQL_FILTER=Lat%3E%3D32.0+AND+Lat%3C%3D44.0+AND+Lon%3E%3D-20.0+AND+Lon%3C%3D-5.0,C:\memoria-seismic-observatory\data\bronze\ahead\2026\07\20\epica_portugal_20260720T211501Z.json,,True,2026-07-20 21:15:02.002471+00:00
MEM-7A21FEECD9BBF128,64,AHEAD,1809-10-25 21:50:00+00:00,39.7,-9.2,,4.3,Mw,4.3,,SCR,,99.9,0.5,,,medium,0.72,historical,https://www.emidius.eu/services/europe/wfs?service=WFS&version=2.0.0&request=GetFeature&typeNames=europe%3AEPICA_1000_1899&outputFormat=application%2Fjson&CQL_FILTER=Lat%3E%3D32.0+AND+Lat%3C%3D44.0+AND+Lon%3E%3D-20.0+AND+Lon%3C%3D-5.0,C:\memoria-seismic-observatory\data\bronze\ahead\2026\07\20\epica_portugal_20260720T211501Z.json,,True,2026-07-20 21:15:02.002471+00:00
MEM-62B5F6289AC95DD4,65,AHEAD,1816-02-02 00:45:00+00:00,37.0,-15.0,,7.0,Mw,7.0,6,Océano Atlántico,,99.9,0.5,,,medium,0.72,historical,https://www.emidius.eu/services/europe/wfs?service=WFS&version=2.0.0&request=GetFeature&typeNames=europe%3AEPICA_1000_1899&outputFormat=application%2Fjson&CQL_FILTER=Lat%3E%3D32.0+AND+Lat%3C%3D44.0+AND+Lon%3E%3D-20.0+AND+Lon%3C%3D-5.0,C:\memoria-seismic-observatory\data\bronze\ahead\2026\07\20\epica_portugal_20260720T211501Z.json,,True,2026-07-20 21:15:02.002471+00:00
MEM-7A0821AAA9BFDC65,66,AHEAD,1822-09-29 05:56:00+00:00,36.0,-5.083,,4.52,Mw,4.52,5-6,E. Estrecho Gibraltar,,99.9,0.5,,,medium,0.72,historical,https://www.emidius.eu/services/europe/wfs?service=WFS&version=2.0.0&request=GetFeature&typeNames=europe%3AEPICA_1000_1899&outputFormat=application%2Fjson&CQL_FILTER=Lat%3E%3D32.0+AND+Lat%3C%3D44.0+AND+Lon%3E%3D-20.0+AND+Lon%3C%3D-5.0,C:\memoria-seismic-observatory\data\bronze\ahead\2026\07\20\epica_portugal_20260720T211501Z.json,,True,2026-07-20 21:15:02.002471+00:00
MEM-20C78F5B001EA40A,67,AHEAD,1827-12-13 04:00:00+00:00,38.7,-9.2,,4.13,Mw,4.13,5-6,Lisboa,,99.9,0.5,,,medium,0.72,historical,https://www.emidius.eu/services/europe/wfs?service=WFS&version=2.0.0&request=GetFeature&typeNames=europe%3AEPICA_1000_1899&outputFormat=application%2Fjson&CQL_FILTER=Lat%3E%3D32.0+AND+Lat%3C%3D44.0+AND+Lon%3E%3D-20.0+AND+Lon%3C%3D-5.0,C:\memoria-seismic-observatory\data\bronze\ahead\2026\07\20\epica_portugal_20260720T211501Z.json,,True,2026-07-20 21:15:02.002471+00:00
MEM-D8FABB66C97587D5,68,AHEAD,1841-08-03 22:10:00+00:00,37.588,-6.492,,4.61,Mw,4.61,5,N. Huelva,,29.8,0.55,,,medium,0.72,historical,https://www.emidius.eu/services/europe/wfs?service=WFS&version=2.0.0&request=GetFeature&typeNames=europe%3AEPICA_1000_1899&outputFormat=application%2Fjson&CQL_FILTER=Lat%3E%3D32.0+AND+Lat%3C%3D44.0+AND+Lon%3E%3D-20.0+AND+Lon%3C%3D-5.0,C:\memoria-seismic-observatory\data\bronze\ahead\2026\07\20\epica_portugal_20260720T211501Z.json,,True,2026-07-20 21:15:02.002471+00:00
MEM-E48ED58B7264FA0A,69,AHEAD,1842-08-14 23:30:00+00:00,38.6,-9.4,,3.8,Mw,3.8,5,Cascais,,49.9,0.5,,,medium,0.72,historical,https://www.emidius.eu/services/europe/wfs?service=WFS&version=2.0.0&request=GetFeature&typeNames=europe%3AEPICA_1000_1899&outputFormat=application%2Fjson&CQL_FILTER=Lat%3E%3D32.0+AND+Lat%3C%3D44.0+AND+Lon%3E%3D-20.0+AND+Lon%3C%3D-5.0,C:\memoria-seismic-observatory\data\bronze\ahead\2026\07\20\epica_portugal_20260720T211501Z.json,,True,2026-07-20 21:15:02.002471+00:00
MEM-B1D73A88BA17682E,70,AHEAD,1844-04-18 15:30:00+00:00,43.016,-7.55,,3.8,Mw,3.8,5,Lugo,,50.0,0.5,,,medium,0.72,historical,https://www.emidius.eu/services/europe/wfs?service=WFS&version=2.0.0&request=GetFeature&typeNames=europe%3AEPICA_1000_1899&outputFormat=application%2Fjson&CQL_FILTER=Lat%3E%3D32.0+AND+Lat%3C%3D44.0+AND+Lon%3E%3D-20.0+AND+Lon%3C%3D-5.0,C:\memoria-seismic-observatory\data\bronze\ahead\2026\07\20\epica_portugal_20260720T211501Z.json,,True,2026-07-20 21:15:02.002471+00:00
MEM-44465D06228014BB,71,AHEAD,1847-07-28 23:30:00+00:00,37.926,-5.584,,4.84,Mw,4.84,5-6,Villanueva de Córdoba,,29.1,0.49,,,medium,0.72,historical,https://www.emidius.eu/services/europe/wfs?service=WFS&version=2.0.0&request=GetFeature&typeNames=europe%3AEPICA_1000_1899&outputFormat=application%2Fjson&CQL_FILTER=Lat%3E%3D32.0+AND+Lat%3C%3D44.0+AND+Lon%3E%3D-20.0+AND+Lon%3C%3D-5.0,C:\memoria-seismic-observatory\data\bronze\ahead\2026\07\20\epica_portugal_20260720T211501Z.json,,True,2026-07-20 21:15:02.002471+00:00
MEM-C2F29BE776BFAE79,72,AHEAD,1847-12-17 08:15:00+00:00,38.7,-9.2,,4.0,Mw,4.0,,[Lisboa],,49.9,0.5,,,medium,0.72,historical,https://www.emidius.eu/services/europe/wfs?service=WFS&version=2.0.0&request=GetFeature&typeNames=europe%3AEPICA_1000_1899&outputFormat=application%2Fjson&CQL_FILTER=Lat%3E%3D32.0+AND+Lat%3C%3D44.0+AND+Lon%3E%3D-20.0+AND+Lon%3C%3D-5.0,C:\memoria-seismic-observatory\data\bronze\ahead\2026\07\20\epica_portugal_20260720T211501Z.json,,True,2026-07-20 21:15:02.002471+00:00
MEM-2304FCDBF9EDADE7,73,AHEAD,1851-09-13 21:30:00+00:00,38.5,-8.0,,4.46,Mw,4.46,6,Evora,,49.9,0.5,,,medium,0.72,historical,https://www.emidius.eu/services/europe/wfs?service=WFS&version=2.0.0&request=GetFeature&typeNames=europe%3AEPICA_1000_1899&outputFormat=application%2Fjson&CQL_FILTER=Lat%3E%3D32.0+AND+Lat%3C%3D44.0+AND+Lon%3E%3D-20.0+AND+Lon%3C%3D-5.0,C:\memoria-seismic-observatory\data\bronze\ahead\2026\07\20\epica_portugal_20260720T211501Z.json,,True,2026-07-20 21:15:02.002471+00:00
MEM-42F9FE443AEFFE5E,74,AHEAD,1853-08-29 23:00:00+00:00,41.5,-5.75,,4.13,Mw,4.13,5-6,Zamora,,99.9,0.5,,,medium,0.72,historical,https://www.emidius.eu/services/europe/wfs?service=WFS&version=2.0.0&request=GetFeature&typeNames=europe%3AEPICA_1000_1899&outputFormat=application%2Fjson&CQL_FILTER=Lat%3E%3D32.0+AND+Lat%3C%3D44.0+AND+Lon%3E%3D-20.0+AND+Lon%3C%3D-5.0,C:\memoria-seismic-observatory\data\bronze\ahead\2026\07\20\epica_portugal_20260720T211501Z.json,,True,2026-07-20 21:15:02.002471+00:00
MEM-C8D091AA75FA6EB9,75,AHEAD,1856-01-12 11:20:00+00:00,37.1,-8.0,,5.5,Mw,5.5,,SCR,,29.9,0.5,,,medium,0.72,historical,https://www.emidius.eu/services/europe/wfs?service=WFS&version=2.0.0&request=GetFeature&typeNames=europe%3AEPICA_1000_1899&outputFormat=application%2Fjson&CQL_FILTER=Lat%3E%3D32.0+AND+Lat%3C%3D44.0+AND+Lon%3E%3D-20.0+AND+Lon%3C%3D-5.0,C:\memoria-seismic-observatory\data\bronze\ahead\2026\07\20\epica_portugal_20260720T211501Z.json,,True,2026-07-20 21:15:02.002471+00:00
MEM-CBA13CA53B506A1B,76,AHEAD,1856-06-02 22:50:00+00:00,37.4,-6.1,,3.8,Mw,3.8,5,Sevilla,,50.0,0.5,,,medium,0.72,historical,https://www.emidius.eu/services/europe/wfs?service=WFS&version=2.0.0&request=GetFeature&typeNames=europe%3AEPICA_1000_1899&outputFormat=application%2Fjson&CQL_FILTER=Lat%3E%3D32.0+AND+Lat%3C%3D44.0+AND+Lon%3E%3D-20.0+AND+Lon%3C%3D-5.0,C:\memoria-seismic-observatory\data\bronze\ahead\2026\07\20\epica_portugal_20260720T211501Z.json,,True,2026-07-20 21:15:02.002471+00:00
MEM-15C24C66C05E19BC,77,AHEAD,1857-04-13 00:00:00+00:00,38.683,-7.1,,4.13,Mw,4.13,5-6,Olivenza,,50.0,0.5,,,medium,0.72,historical,https://www.emidius.eu/services/europe/wfs?service=WFS&version=2.0.0&request=GetFeature&typeNames=europe%3AEPICA_1000_1899&outputFormat=application%2Fjson&CQL_FILTER=Lat%3E%3D32.0+AND+Lat%3C%3D44.0+AND+Lon%3E%3D-20.0+AND+Lon%3C%3D-5.0,C:\memoria-seismic-observatory\data\bronze\ahead\2026\07\20\epica_portugal_20260720T211501Z.json,,True,2026-07-20 21:15:02.002471+00:00
MEM-E295318D25F7849B,78,AHEAD,1857-11-19 08:25:00+00:00,40.0,-12.0,,6.5,Mw,6.5,,[Océano Atlántico],,99.9,0.5,,,medium,0.72,historical,https://www.emidius.eu/services/europe/wfs?service=WFS&version=2.0.0&request=GetFeature&typeNames=europe%3AEPICA_1000_1899&outputFormat=application%2Fjson&CQL_FILTER=Lat%3E%3D32.0+AND+Lat%3C%3D44.0+AND+Lon%3E%3D-20.0+AND+Lon%3C%3D-5.0,C:\memoria-seismic-observatory\data\bronze\ahead\2026\07\20\epica_portugal_20260720T211501Z.json,,True,2026-07-20 21:15:02.002471+00:00
MEM-06EA382270F59508,79,AHEAD,1858-03-19 13:30:00+00:00,40.972,-7.366,,5.37,Mw,5.37,6,Moncorvo,,22.9,0.58,,,medium,0.72,historical,https://www.emidius.eu/services/europe/wfs?service=WFS&version=2.0.0&request=GetFeature&typeNames=europe%3AEPICA_1000_1899&outputFormat=application%2Fjson&CQL_FILTER=Lat%3E%3D32.0+AND+Lat%3C%3D44.0+AND+Lon%3E%3D-20.0+AND+Lon%3C%3D-5.0,C:\memoria-seismic-observatory\data\bronze\ahead\2026\07\20\epica_portugal_20260720T211501Z.json,,True,2026-07-20 21:15:02.002471+00:00
MEM-E1FBE529309428AE,80,AHEAD,1858-07-02 18:42:00+00:00,41.149,-8.009,,4.93,Mw,4.93,6,"Barqueiros, Mesão Frio",,8.7,0.58,,,medium,0.72,historical,https://www.emidius.eu/services/europe/wfs?service=WFS&version=2.0.0&request=GetFeature&typeNames=europe%3AEPICA_1000_1899&outputFormat=application%2Fjson&CQL_FILTER=Lat%3E%3D32.0+AND+Lat%3C%3D44.0+AND+Lon%3E%3D-20.0+AND+Lon%3C%3D-5.0,C:\memoria-seismic-observatory\data\bronze\ahead\2026\07\20\epica_portugal_20260720T211501Z.json,,True,2026-07-20 21:15:02.002471+00:00
MEM-855769D0224D8178,81,AHEAD,1858-07-15 00:00:00+00:00,39.721,-8.292,,3.47,Mw,3.47,4,Évora,,45.0,0.67,,,medium,0.72,historical,https://www.emidius.eu/services/europe/wfs?service=WFS&version=2.0.0&request=GetFeature&typeNames=europe%3AEPICA_1000_1899&outputFormat=application%2Fjson&CQL_FILTER=Lat%3E%3D32.0+AND+Lat%3C%3D44.0+AND+Lon%3E%3D-20.0+AND+Lon%3C%3D-5.0,C:\memoria-seismic-observatory\data\bronze\ahead\2026\07\20\epica_portugal_20260720T211501Z.json,,True,2026-07-20 21:15:02.002471+00:00
MEM-ECACAC739FDE5FFB,82,AHEAD,1858-11-11 06:00:00+00:00,38.2,-9.0,,4.5,Mw,4.5,,[Setúbal],,39.9,0.5,,,medium,0.72,historical,https://www.emidius.eu/services/europe/wfs?service=WFS&version=2.0.0&request=GetFeature&typeNames=europe%3AEPICA_1000_1899&outputFormat=application%2Fjson&CQL_FILTER=Lat%3E%3D32.0+AND+Lat%3C%3D44.0+AND+Lon%3E%3D-20.0+AND+Lon%3C%3D-5.0,C:\memoria-seismic-observatory\data\bronze\ahead\2026\07\20\epica_portugal_20260720T211501Z.json,,True,2026-07-20 21:15:02.002471+00:00
MEM-43363AEAAA147525,83,AHEAD,1858-11-11 07:15:00+00:00,38.244,-8.802,,6.8,Mw,6.8,9,Setúbal,,15.8,0.58,,,medium,0.72,historical,https://www.emidius.eu/services/europe/wfs?service=WFS&version=2.0.0&request=GetFeature&typeNames=europe%3AEPICA_1000_1899&outputFormat=application%2Fjson&CQL_FILTER=Lat%3E%3D32.0+AND+Lat%3C%3D44.0+AND+Lon%3E%3D-20.0+AND+Lon%3C%3D-5.0,C:\memoria-seismic-observatory\data\bronze\ahead\2026\07\20\epica_portugal_20260720T211501Z.json,,True,2026-07-20 21:15:02.002471+00:00
MEM-C51EAC7326EA7EF6,84,AHEAD,1859-03-09 19:00:00+00:00,37.2,-7.6,,4.3,Mw,4.3,,SCR,,39.9,0.5,,,medium,0.72,historical,https://www.emidius.eu/services/europe/wfs?service=WFS&version=2.0.0&request=GetFeature&typeNames=europe%3AEPICA_1000_1899&outputFormat=application%2Fjson&CQL_FILTER=Lat%3E%3D32.0+AND+Lat%3C%3D44.0+AND+Lon%3E%3D-20.0+AND+Lon%3C%3D-5.0,C:\memoria-seismic-observatory\data\bronze\ahead\2026\07\20\epica_portugal_20260720T211501Z.json,,True,2026-07-20 21:15:02.002471+00:00
MEM-23AD2D14D9BA7BA6,85,AHEAD,1862-08-22 17:00:00+00:00,37.05,-5.166,,5.35,Mw,5.35,7,Villanueva de San Juan,,20.0,0.5,,,medium,0.72,historical,https://www.emidius.eu/services/europe/wfs?service=WFS&version=2.0.0&request=GetFeature&typeNames=europe%3AEPICA_1000_1899&outputFormat=application%2Fjson&CQL_FILTER=Lat%3E%3D32.0+AND+Lat%3C%3D44.0+AND+Lon%3E%3D-20.0+AND+Lon%3C%3D-5.0,C:\memoria-seismic-observatory\data\bronze\ahead\2026\07\20\epica_portugal_20260720T211501Z.json,,True,2026-07-20 21:15:02.002471+00:00
MEM-57514487605E4CDC,86,AHEAD,1876-09-04 15:50:00+00:00,42.883,-8.55,,3.8,Mw,3.8,5,Santiago de Compostela.C,,99.9,0.5,,,medium,0.72,historical,https://www.emidius.eu/services/europe/wfs?service=WFS&version=2.0.0&request=GetFeature&typeNames=europe%3AEPICA_1000_1899&outputFormat=application%2Fjson&CQL_FILTER=Lat%3E%3D32.0+AND+Lat%3C%3D44.0+AND+Lon%3E%3D-20.0+AND+Lon%3C%3D-5.0,C:\memoria-seismic-observatory\data\bronze\ahead\2026\07\20\epica_portugal_20260720T211501Z.json,,True,2026-07-20 21:15:02.002471+00:00
MEM-D27BACCBF3039F84,87,AHEAD,1877-10-25 06:48:00+00:00,40.433,-10.0,,5.9,Mw,5.9,5,Océano Atlántico,,99.9,0.3,,,medium,0.72,historical,https://www.emidius.eu/services/europe/wfs?service=WFS&version=2.0.0&request=GetFeature&typeNames=europe%3AEPICA_1000_1899&outputFormat=application%2Fjson&CQL_FILTER=Lat%3E%3D32.0+AND+Lat%3C%3D44.0+AND+Lon%3E%3D-20.0+AND+Lon%3C%3D-5.0,C:\memoria-seismic-observatory\data\bronze\ahead\2026\07\20\epica_portugal_20260720T211501Z.json,,True,2026-07-20 21:15:02.002471+00:00
MEM-837D4C56C4D94061,88,AHEAD,1879-04-03 02:10:00+00:00,36.6,-6.233,,3.8,Mw,3.8,5,El Puerto de Sta. María.CA,,99.9,0.5,,,medium,0.72,historical,https://www.emidius.eu/services/europe/wfs?service=WFS&version=2.0.0&request=GetFeature&typeNames=europe%3AEPICA_1000_1899&outputFormat=application%2Fjson&CQL_FILTER=Lat%3E%3D32.0+AND+Lat%3C%3D44.0+AND+Lon%3E%3D-20.0+AND+Lon%3C%3D-5.0,C:\memoria-seismic-observatory\data\bronze\ahead\2026\07\20\epica_portugal_20260720T211501Z.json,,True,2026-07-20 21:15:02.002471+00:00
MEM-0DC63053B4EB6C34,89,AHEAD,1880-10-21 06:41:00+00:00,40.264,-7.649,,5.23,Mw,5.23,7,SCR,,11.8,0.3,,,medium,0.72,historical,https://www.emidius.eu/services/europe/wfs?service=WFS&version=2.0.0&request=GetFeature&typeNames=europe%3AEPICA_1000_1899&outputFormat=application%2Fjson&CQL_FILTER=Lat%3E%3D32.0+AND+Lat%3C%3D44.0+AND+Lon%3E%3D-20.0+AND+Lon%3C%3D-5.0,C:\memoria-seismic-observatory\data\bronze\ahead\2026\07\20\epica_portugal_20260720T211501Z.json,,True,2026-07-20 21:15:02.002471+00:00
MEM-E67DF396E8317837,90,AHEAD,1882-10-23 15:00:00+00:00,42.883,-8.55,,3.8,Mw,3.8,5,Santiago de Compostela.C,,50.0,0.5,,,medium,0.72,historical,https://www.emidius.eu/services/europe/wfs?service=WFS&version=2.0.0&request=GetFeature&typeNames=europe%3AEPICA_1000_1899&outputFormat=application%2Fjson&CQL_FILTER=Lat%3E%3D32.0+AND+Lat%3C%3D44.0+AND+Lon%3E%3D-20.0+AND+Lon%3C%3D-5.0,C:\memoria-seismic-observatory\data\bronze\ahead\2026\07\20\epica_portugal_20260720T211501Z.json,,True,2026-07-20 21:15:02.002471+00:00
MEM-C61D55C753352791,91,AHEAD,1883-10-20 00:45:00+00:00,36.98,-6.706,,5.33,Mw,5.33,5-6,Golfo de Cádiz,,50.0,0.3,,,medium,0.72,historical,https://www.emidius.eu/services/europe/wfs?service=WFS&version=2.0.0&request=GetFeature&typeNames=europe%3AEPICA_1000_1899&outputFormat=application%2Fjson&CQL_FILTER=Lat%3E%3D32.0+AND+Lat%3C%3D44.0+AND+Lon%3E%3D-20.0+AND+Lon%3C%3D-5.0,C:\memoria-seismic-observatory\data\bronze\ahead\2026\07\20\epica_portugal_20260720T211501Z.json,,True,2026-07-20 21:15:02.002471+00:00
MEM-A21F30EFA08E0707,92,AHEAD,1883-12-22 03:29:00+00:00,38.7,-9.2,,3.8,Mw,3.8,5,Lisboa,,49.9,0.5,,,medium,0.72,historical,https://www.emidius.eu/services/europe/wfs?service=WFS&version=2.0.0&request=GetFeature&typeNames=europe%3AEPICA_1000_1899&outputFormat=application%2Fjson&CQL_FILTER=Lat%3E%3D32.0+AND+Lat%3C%3D44.0+AND+Lon%3E%3D-20.0+AND+Lon%3C%3D-5.0,C:\memoria-seismic-observatory\data\bronze\ahead\2026\07\20\epica_portugal_20260720T211501Z.json,,True,2026-07-20 21:15:02.002471+00:00
MEM-85A85BAFB74BBE82,93,AHEAD,1884-12-22 03:29:00+00:00,38.7,-9.2,,,,,3,Lisboa,,,,,,medium,0.58,historical,https://www.emidius.eu/services/europe/wfs?service=WFS&version=2.0.0&request=GetFeature&typeNames=europe%3AEPICA_1000_1899&outputFormat=application%2Fjson&CQL_FILTER=Lat%3E%3D32.0+AND+Lat%3C%3D44.0+AND+Lon%3E%3D-20.0+AND+Lon%3C%3D-5.0,C:\memoria-seismic-observatory\data\bronze\ahead\2026\07\20\epica_portugal_20260720T211501Z.json,,True,2026-07-20 21:15:02.002471+00:00
MEM-E296E8B3D5702BAE,94,AHEAD,1888-04-29 02:20:00+00:00,43.633,-7.583,,3.8,Mw,3.8,5,Viveiro.LU,,50.0,0.5,,,medium,0.72,historical,https://www.emidius.eu/services/europe/wfs?service=WFS&version=2.0.0&request=GetFeature&typeNames=europe%3AEPICA_1000_1899&outputFormat=application%2Fjson&CQL_FILTER=Lat%3E%3D32.0+AND+Lat%3C%3D44.0+AND+Lon%3E%3D-20.0+AND+Lon%3C%3D-5.0,C:\memoria-seismic-observatory\data\bronze\ahead\2026\07\20\epica_portugal_20260720T211501Z.json,,True,2026-07-20 21:15:02.002471+00:00
MEM-7921C80761BB6ED4,95,AHEAD,1890-02-21 00:00:00+00:00,39.7,-8.9,,4.46,Mw,4.46,6,Batalha,,49.9,0.5,,,medium,0.72,historical,https://www.emidius.eu/services/europe/wfs?service=WFS&version=2.0.0&request=GetFeature&typeNames=europe%3AEPICA_1000_1899&outputFormat=application%2Fjson&CQL_FILTER=Lat%3E%3D32.0+AND+Lat%3C%3D44.0+AND+Lon%3E%3D-20.0+AND+Lon%3C%3D-5.0,C:\memoria-seismic-observatory\data\bronze\ahead\2026\07\20\epica_portugal_20260720T211501Z.json,,True,2026-07-20 21:15:02.002471+00:00
MEM-4643DDEE64D9A643,96,AHEAD,1891-08-22 04:30:00+00:00,38.7,-9.2,,4.13,Mw,4.13,5-6,Lisboa,,49.9,0.5,,,medium,0.72,historical,https://www.emidius.eu/services/europe/wfs?service=WFS&version=2.0.0&request=GetFeature&typeNames=europe%3AEPICA_1000_1899&outputFormat=application%2Fjson&CQL_FILTER=Lat%3E%3D32.0+AND+Lat%3C%3D44.0+AND+Lon%3E%3D-20.0+AND+Lon%3C%3D-5.0,C:\memoria-seismic-observatory\data\bronze\ahead\2026\07\20\epica_portugal_20260720T211501Z.json,,True,2026-07-20 21:15:02.002471+00:00
MEM-5601FC56A6F4B350,97,AHEAD,1892-09-30 00:20:00+00:00,37.0,-7.0,,4.13,Mw,4.13,5-6,Golfo de Cádiz,,99.9,0.5,,,medium,0.72,historical,https://www.emidius.eu/services/europe/wfs?service=WFS&version=2.0.0&request=GetFeature&typeNames=europe%3AEPICA_1000_1899&outputFormat=application%2Fjson&CQL_FILTER=Lat%3E%3D32.0+AND+Lat%3C%3D44.0+AND+Lon%3E%3D-20.0+AND+Lon%3C%3D-5.0,C:\memoria-seismic-observatory\data\bronze\ahead\2026\07\20\epica_portugal_20260720T211501Z.json,,True,2026-07-20 21:15:02.002471+00:00
MEM-4D7E796B9407DD2F,98,AHEAD,1895-12-25 17:39:00+00:00,42.336,-7.286,,4.27,Mw,4.27,5-6,Viana do Bolo,,11.9,0.64,,,medium,0.72,historical,https://www.emidius.eu/services/europe/wfs?service=WFS&version=2.0.0&request=GetFeature&typeNames=europe%3AEPICA_1000_1899&outputFormat=application%2Fjson&CQL_FILTER=Lat%3E%3D32.0+AND+Lat%3C%3D44.0+AND+Lon%3E%3D-20.0+AND+Lon%3C%3D-5.0,C:\memoria-seismic-observatory\data\bronze\ahead\2026\07\20\epica_portugal_20260720T211501Z.json,,True,2026-07-20 21:15:02.002471+00:00
MEM-7F1E81A2DDD38D32,99,AHEAD,1896-10-30 08:50:00+00:00,37.5,-8.2,,4.46,Mw,4.46,6,Algarve (?),,49.9,0.5,,,medium,0.72,historical,https://www.emidius.eu/services/europe/wfs?service=WFS&version=2.0.0&request=GetFeature&typeNames=europe%3AEPICA_1000_1899&outputFormat=application%2Fjson&CQL_FILTER=Lat%3E%3D32.0+AND+Lat%3C%3D44.0+AND+Lon%3E%3D-20.0+AND+Lon%3C%3D-5.0,C:\memoria-seismic-observatory\data\bronze\ahead\2026\07\20\epica_portugal_20260720T211501Z.json,,True,2026-07-20 21:15:02.002471+00:00
MEM-CA7E490B3E57409A,100,AHEAD,1896-12-20 00:00:00+00:00,36.516,-5.316,,4.25,Mw,4.25,5,Gaucín.MA,,50.0,0.5,,,medium,0.72,historical,https://www.emidius.eu/services/europe/wfs?service=WFS&version=2.0.0&request=GetFeature&typeNames=europe%3AEPICA_1000_1899&outputFormat=application%2Fjson&CQL_FILTER=Lat%3E%3D32.0+AND+Lat%3C%3D44.0+AND+Lon%3E%3D-20.0+AND+Lon%3C%3D-5.0,C:\memoria-seismic-observatory\data\bronze\ahead\2026\07\20\epica_portugal_20260720T211501Z.json,,True,2026-07-20 21:15:02.002471+00:00
MEM-0168420A1D9CFE51,101,AHEAD,1897-03-08 03:45:00+00:00,44.0,-6.5,,4.13,Mw,4.13,5-6,Mar Cantábrico,,99.9,0.5,,,medium,0.72,historical,https://www.emidius.eu/services/europe/wfs?service=WFS&version=2.0.0&request=GetFeature&typeNames=europe%3AEPICA_1000_1899&outputFormat=application%2Fjson&CQL_FILTER=Lat%3E%3D32.0+AND+Lat%3C%3D44.0+AND+Lon%3E%3D-20.0+AND+Lon%3C%3D-5.0,C:\memoria-seismic-observatory\data\bronze\ahead\2026\07\20\epica_portugal_20260720T211501Z.json,,True,2026-07-20 21:15:02.002471+00:00
MEM-05555176525D6D7F,102,AHEAD,1897-05-25 21:10:00+00:00,43.5,-8.233,,3.8,Mw,3.8,5,Ferrol.C,,99.9,0.5,,,medium,0.72,historical,https://www.emidius.eu/services/europe/wfs?service=WFS&version=2.0.0&request=GetFeature&typeNames=europe%3AEPICA_1000_1899&outputFormat=application%2Fjson&CQL_FILTER=Lat%3E%3D32.0+AND+Lat%3C%3D44.0+AND+Lon%3E%3D-20.0+AND+Lon%3C%3D-5.0,C:\memoria-seismic-observatory\data\bronze\ahead\2026\07\20\epica_portugal_20260720T211501Z.json,,True,2026-07-20 21:15:02.002471+00:00
MEM-04674DB7537A6634,103,AHEAD,1899-08-09 19:40:00+00:00,43.0,-10.0,,,,,6,Océano Atlántico,,,,,,medium,0.58,historical,https://www.emidius.eu/services/europe/wfs?service=WFS&version=2.0.0&request=GetFeature&typeNames=europe%3AEPICA_1000_1899&outputFormat=application%2Fjson&CQL_FILTER=Lat%3E%3D32.0+AND+Lat%3C%3D44.0+AND+Lon%3E%3D-20.0+AND+Lon%3C%3D-5.0,C:\memoria-seismic-observatory\data\bronze\ahead\2026\07\20\epica_portugal_20260720T211501Z.json,,True,2026-07-20 21:15:02.002471+00:00
MEM-B3BC463BF938A9B3,104,AHEAD,1899-08-13 21:00:00+00:00,38.9,-9.3,,5.7,Mw,5.7,,SCR,,49.9,0.5,,,medium,0.72,historical,https://www.emidius.eu/services/europe/wfs?service=WFS&version=2.0.0&request=GetFeature&typeNames=europe%3AEPICA_1000_1899&outputFormat=application%2Fjson&CQL_FILTER=Lat%3E%3D32.0+AND+Lat%3C%3D44.0+AND+Lon%3E%3D-20.0+AND+Lon%3C%3D-5.0,C:\memoria-seismic-observatory\data\bronze\ahead\2026\07\20\epica_portugal_20260720T211501Z.json,,True,2026-07-20 21:15:02.002471+00:00
MEM-1315710E36A4AF83,105,AHEAD,1899-08-24 01:25:00+00:00,41.717,-6.882,,5.44,Mw,5.44,5,Puebla de Sanabria.ZA,,28.2,0.3,,,medium,0.72,historical,https://www.emidius.eu/services/europe/wfs?service=WFS&version=2.0.0&request=GetFeature&typeNames=europe%3AEPICA_1000_1899&outputFormat=application%2Fjson&CQL_FILTER=Lat%3E%3D32.0+AND+Lat%3C%3D44.0+AND+Lon%3E%3D-20.0+AND+Lon%3C%3D-5.0,C:\memoria-seismic-observatory\data\bronze\ahead\2026\07\20\epica_portugal_20260720T211501Z.json,,True,2026-07-20 21:15:02.002471+00:00
